from_url,to_url
https://developers.teradata.com/quickstarts/analyze-data/create-stunning-visualizations-in-power-bi-using-data-from-teradata,https://docs.teradata.com/r/en-US/developer-guides/create-stunning-visualizations-in-power-bi-using-data-from-teradata
https://developers.teradata.com/quickstarts/analyze-data/deploy-and-monitor-machine-learning-models-with-teradata-modelops-and-byom,https://docs.teradata.com/r/en-US/developer-guides/deploy-and-monitor-machine-learning-models-with-teradata-modelops-and-byom
https://developers.teradata.com/quickstarts/analyze-data/deploy-and-monitor-machine-learning-models-with-teradata-modelops-and-git,https://docs.teradata.com/r/en-US/developer-guides/deploy-and-monitor-machine-learning-models-with-teradata-modelops-and-git
https://developers.teradata.com/quickstarts/analyze-data/execute-airflow-workflows-with-clearscape-analytics-modelops-model-factory-solution,https://docs.teradata.com/r/en-US/developer-guides/execute-airflow-workflows-with-clearscape-analytics-modelops-model-factory-solution
https://developers.teradata.com/quickstarts/analyze-data/geojson-to-teradata,https://docs.teradata.com/r/en-US/developer-guides/geojson-to-teradata
https://developers.teradata.com/quickstarts/analyze-data/integrate-teradata-jupyter-extensions-with-sagemaker,https://docs.teradata.com/r/en-US/developer-guides/integrate-teradata-jupyter-extensions-with-sagemaker
https://developers.teradata.com/quickstarts/analyze-data/integrate-teradata-with-knime,https://docs.teradata.com/r/en-US/developer-guides/integrate-teradata-with-knime
https://developers.teradata.com/quickstarts/analyze-data/jupyter,https://docs.teradata.com/r/en-US/developer-guides/jupyter
https://developers.teradata.com/quickstarts/analyze-data/local-jupyter-hub,https://docs.teradata.com/r/en-US/developer-guides/local-jupyter-hub
https://developers.teradata.com/quickstarts/analyze-data/ml,https://docs.teradata.com/r/en-US/developer-guides/ml
https://developers.teradata.com/quickstarts/analyze-data/perform-time-series-analysis-using-teradata,https://docs.teradata.com/r/en-US/developer-guides/perform-time-series-analysis-using-teradata
https://developers.teradata.com/quickstarts/analyze-data/sagemaker-with-teradata,https://docs.teradata.com/r/en-US/developer-guides/sagemaker-with-teradata
https://developers.teradata.com/quickstarts/analyze-data/sto,https://docs.teradata.com/r/en-US/developer-guides/sto
https://developers.teradata.com/quickstarts/connect-to-vantage/configure-a-teradata-connection-in-dbeaver,https://docs.teradata.com/r/en-US/developer-guides/configure-a-teradata-connection-in-dbeaver
https://developers.teradata.com/quickstarts/connect-to-vantage/configure-odbc/ubuntu/,https://docs.teradata.com/r/en-US/developer-guides/ubuntu
https://developers.teradata.com/quickstarts/connect-to-vantage/connect-teradata-dbeaver-okta-sso,https://docs.teradata.com/r/en-US/developer-guides/connect-teradata-dbeaver-okta-sso
https://developers.teradata.com/quickstarts/connect-to-vantage/install-teradata-studio-on-mac-m1-m2,https://docs.teradata.com/r/en-US/developer-guides/install-teradata-studio-on-mac-m1-m2
https://developers.teradata.com/quickstarts/create-applications/examples-configuration,https://docs.teradata.com/r/en-US/developer-guides/examples-configuration
https://developers.teradata.com/quickstarts/create-applications/jdbc,https://docs.teradata.com/r/en-US/developer-guides/jdbc
https://developers.teradata.com/quickstarts/create-applications/mule-dbc-example,https://docs.teradata.com/r/en-US/developer-guides/mule-dbc-example
https://developers.teradata.com/quickstarts/create-applications/send-queries-using-rest-api,https://docs.teradata.com/r/en-US/developer-guides/send-queries-using-rest-api
https://developers.teradata.com/quickstarts/create-applications/teradata-connector-mule4-reference,https://docs.teradata.com/r/en-US/developer-guides/teradata-connector-mule4-reference
https://developers.teradata.com/quickstarts/create-applications/teradata-connector-mule4,https://docs.teradata.com/r/en-US/developer-guides/teradata-connector-mule4
https://developers.teradata.com/quickstarts/create-applications/teradatasql,https://docs.teradata.com/r/en-US/developer-guides/teradatasql
https://developers.teradata.com/quickstarts/get-access-to-vantage/clearscape-analytics-experience/getting-started-with-teradata-trial,https://docs.teradata.com/r/en-US/developer-guides/getting-started-with-teradata-trial
https://developers.teradata.com/quickstarts/get-access-to-vantage/on-your-cloud-infrastructure/run-vantage-express-on-aws,https://docs.teradata.com/r/en-US/developer-guides/run-vantage-express-on-aws
https://developers.teradata.com/quickstarts/get-access-to-vantage/on-your-cloud-infrastructure/run-vantage-express-on-microsoft-azure,https://docs.teradata.com/r/en-US/developer-guides/run-vantage-express-on-microsoft-azure
https://developers.teradata.com/quickstarts/get-access-to-vantage/on-your-cloud-infrastructure/vantage-express-gcp,https://docs.teradata.com/r/en-US/developer-guides/vantage-express-gcp
https://developers.teradata.com/quickstarts/get-access-to-vantage/on-your-local/run-vantage-express-on-utm/,https://docs.teradata.com/r/en-US/developer-guides/run-vantage-express-on-utm
https://developers.teradata.com/quickstarts/get-access-to-vantage/on-your-local/getting-started-vbox,https://docs.teradata.com/r/en-US/developer-guides/getting-started-vbox
https://developers.teradata.com/quickstarts/get-access-to-vantage/on-your-local/getting-started-vmware,https://docs.teradata.com/r/en-US/developer-guides/getting-started-vmware
https://developers.teradata.com/quickstarts/introduction/teradata-engine-architecture-and-concepts,https://docs.teradata.com/r/en-US/developer-guides/teradata-engine-architecture-and-concepts
https://developers.teradata.com/quickstarts/manage-data/advanced-dbt,https://docs.teradata.com/r/en-US/developer-guides/advanced-dbt
https://developers.teradata.com/quickstarts/manage-data/airflow-azure-to-teradata-transfer-operator-doc,https://docs.teradata.com/r/en-US/developer-guides/airflow-azure-to-teradata-transfer-operator-doc
https://developers.teradata.com/quickstarts/manage-data/airflow,https://docs.teradata.com/r/en-US/developer-guides/airflow
https://developers.teradata.com/quickstarts/manage-data/automate-data-movement-and-transformation-with-airflow-airbyte-and-dbt-in-teradata,https://docs.teradata.com/r/en-US/developer-guides/automate-data-movement-and-transformation-with-airflow-airbyte-and-dbt-in-teradata
https://developers.teradata.com/quickstarts/manage-data/configure-a-teradata-connection-in-datahub,https://docs.teradata.com/r/en-US/developer-guides/configure-a-teradata-connection-in-datahub
https://developers.teradata.com/quickstarts/manage-data/create-parquet-files-in-object-storage,https://docs.teradata.com/r/en-US/developer-guides/create-parquet-files-in-object-storage
https://developers.teradata.com/quickstarts/manage-data/dagster-teradata-azure-to-teradata-transfer,https://docs.teradata.com/r/en-US/developer-guides/dagster-teradata-azure-to-teradata-transfer
https://developers.teradata.com/quickstarts/manage-data/dagster-teradata-s3-to-teradata-transfer,https://docs.teradata.com/r/en-US/developer-guides/dagster-teradata-s3-to-teradata-transfer
https://developers.teradata.com/quickstarts/manage-data/dbt,https://docs.teradata.com/r/en-US/developer-guides/dbt
https://developers.teradata.com/quickstarts/manage-data/execute-airflow-workflows-that-use-dbt-with-teradata-vantage,https://docs.teradata.com/r/en-US/developer-guides/execute-airflow-workflows-that-use-dbt-with-teradata-vantage
https://developers.teradata.com/quickstarts/manage-data/execute-dbt-teradata-transformations-in-airflow-with-cosmos,https://docs.teradata.com/r/en-US/developer-guides/execute-dbt-teradata-transformations-in-airflow-with-cosmos
https://developers.teradata.com/quickstarts/manage-data/fivetran/,https://docs.teradata.com/r/en-US/developer-guides/fivetran
https://developers.teradata.com/quickstarts/manage-data/ingest-catalog-data-teradata-s3-with-glue,https://docs.teradata.com/r/en-US/developer-guides/ingest-catalog-data-teradata-s3-with-glue
https://developers.teradata.com/quickstarts/manage-data/nos,https://docs.teradata.com/r/en-US/developer-guides/nos
https://developers.teradata.com/quickstarts/manage-data/query-azure-blob-storage-from-teradata,https://docs.teradata.com/r/en-US/developer-guides/query-azure-blob-storage-from-teradata
https://developers.teradata.com/quickstarts/manage-data/redis-streaming/,https://docs.teradata.com/r/en-US/developer-guides/redis-streaming
https://developers.teradata.com/quickstarts/manage-data/run-bulkloads-efficiently-with-teradata-parallel-transporter,https://docs.teradata.com/r/en-US/developer-guides/run-bulkloads-efficiently-with-teradata-parallel-transporter
https://developers.teradata.com/quickstarts/manage-data/select-the-right-data-ingestion-tools-for-teradata,https://docs.teradata.com/r/en-US/developer-guides/select-the-right-data-ingestion-tools-for-teradata
https://developers.teradata.com/quickstarts/manage-data/terraform-airbyte-provider,https://docs.teradata.com/r/en-US/developer-guides/terraform-airbyte-provider
https://developers.teradata.com/quickstarts/manage-data/use-airbyte-to-load-data-from-external-sources-to-teradata,https://docs.teradata.com/r/en-US/developer-guides/use-airbyte-to-load-data-from-external-sources-to-teradata
https://developers.teradata.com/quickstarts/manage-data/use-dagster-with-teradata,https://docs.teradata.com/r/en-US/developer-guides/use-dagster-with-teradata
https://developers.teradata.com/quickstarts/manage-data/use-dbt-cloud-with-teradata,https://docs.teradata.com/r/en-US/developer-guides/use-dbt-cloud-with-teradata
https://developers.teradata.com/quickstarts/manage-data/using-feast-feature-store-with-teradata-vantage,https://docs.teradata.com/r/en-US/developer-guides/using-feast-feature-store-with-teradata-vantage
